,0,1,2,3,4,5,6,7,8,9,10,11,12,13,14,15,16,17,18,19
0,2023-03-23T05:39:50Z,2023-03-15T04:56:39Z,2023-03-09T06:14:58Z,2023-03-03T05:58:57Z,2023-02-20T09:09:13Z,2023-02-16T06:20:17Z,2023-02-09T03:00:16Z,2023-02-02T02:58:56Z,2022-10-20T06:49:21Z,2022-10-13T10:13:51Z,2022-07-19T10:39:04Z,2022-06-28T09:44:41Z,2022-06-14T05:16:28Z,2022-05-13T07:00:17Z,2022-05-06T07:05:08Z,2022-05-04T07:02:05Z,2022-04-27T06:58:10Z,2022-04-20T06:50:29Z,2022-04-15T05:40:48Z,2022-04-09T16:45:35Z
1,87zznFb0-us,LojVJnvLb30,JvuV9aAh7VY,w9ML-v8OG1Y,SILoOGBiAyA,-MvfUUPB5-Y,Zkxiydlmplw,ZuO-VnWMrno,YLd78Yqoy9I,JrTVWvj8uhs,fpqJOFMfhmk,RmZyxKOUbfs,-Imo0xgUQG0,e--h7ax_6pQ,uu8BqXy6lf4,Mfnwc1dc0MY,SeUG8iRDE_g,rLDquEv-ZJg,p7HGmwiuuvE,6lcrq5D_63o
2,"어묵탕 지겨우셨죠? 오늘 저녁, 빨간 어묵으로 끝내드릴게요!",왜 멀리 미국까지 가요? 집에서 이렇게 버팔로 윙 해 먹으면 되는데~,8분 만에 끝내는 밑반찬 4종! 만들어 두면 일주일은 든든해요!,남들보다 삼겹살 2배로 먹는 법 알려드릴게요! 숨겨 놓고 몰래 먹는 파무침 3종!,알면서도 애써 모른 척했습니다... 끈기 있는 팀원에게 이 영상을 바칩니다!,더 이상의 부대찌개는 없습니다! 이걸로 끝내겠습니다,장담하건대 내일 또 먹고 싶을 거예요,술만 먹으면 자꾸 이거 찾게 된다니까요,다음 날 먹으면 더 맛있어요! 오래 끓일수록 게🦀 맛있는 꽃게 해장국,정말 너무 간단해서 아무나 할 수 있다.,명란대첩 │ 나에게는 아직 12개의 명란이 남아 있쥬~ 부럽쥬?,🦆: 여보 여기 있던 내 알 못 봤어요?│메추리알 장조림,단돈 2천원으로 방구석 피서! 다람이 거🐹 도토리🌰 뺏어 만든 쿨내 폴폴❄ 묵사발,참치김치찌개 끓이기 전에 '이거' 같이 안 해 먹으면 손해!,300원으로 한 냄비 가~득 국 끓이기! 가성비 끝판왕 맑은 미역국,맛집 사장님이 알려 주는 식당에서 사 먹는 차돌된장찌개 집에서 끓이는 법,"식당에서 먹는 콩나물국 맛의 비밀, 이건 몰랐쥬?",소여사가 좋아하는 황태미역국! 해장용으로 딱이에요,○○만 넣으면 밖에서 사 먹는 김치찌개 맛 납니다! 궁금하쥬?,고깃집 된장찌개 부럽지 않은 봄맞이 냉이된장라면
3,"#백종원 #쿠킹로그 #빨간어묵

어묵으로 할 수 있는 그럴싸한 요리 찾고 계세요?
어묵탕은 지난주에 해 먹었고, 어묵볶음은 이제 질린다구요?
그런 팀원들을 위해 준비했습니다!
들어는 보셨나요? 치명적인 매력의 빨간 어묵!

분식집에서 파는 것만 먹어도 맛있는데
2/2/2의 공식 하나면 어렵지 않게 만들 수 있어요!
항상 그랬듯이 우리는 간단하고 빠른 거 좋아하잖아요?
아직은 쌀쌀한 저녁, 얼른 빨간 어묵에 소주 한잔 하자구요!

[ 빨간어묵 ] 약 3~4인분
[ 재료 ]
정수물 1병(500ml)
사각어묵 10장(350g)
대파 약1대(70g)
양파 1/4개(60g)
청양고추 2개(20g)
황설탕 2큰술(24g)
고추장 2큰술(40g)
진간장 2큰술(20g)
굵은고추가루 1/2큰술(4g)
고운고추가루 1/2큰술(3g)
후추가루 약간

[ 만드는 법 ]
1. 사각어묵 5장은 길게 반 접고 다시 반 접어 4겹을 만든 후 어묵의 양끝 1cm 정도를 남기고 꼬치로 지그재그로 꽂는다.
   *어묵을 꼬아서 꽂을 경우 길게 3번만 접어 꽂는다.
   *꼬치가 없다면 나무젓가락을 이용해도 좋다.
2. 나머지 사각어묵 5장은 먹기 좋은 크기로 자유롭게 잘라 준비한다.
3. 대파는 길게 반 갈라 3cm 길이로 자르고 양파는 0.8cm 두께로 굵게 채 썰어 준비한다.
4. 청양고추는 두께 0.8cm로 어슷썰어 준비한다.
5. 넙적한 냄비에 물을 붓고 황설탕, 고추장, 진간장, 굵은고추가루, 고운고추가루, 후추가루를 넣고 강 불에 올려 잘 풀어가며 섞는다.
  *후추가루가 너무 많이 들어 갈 경우 맛이 안 좋아질 수 있으니 주의한다.
6. 양념장이 풀리면 손질해둔 대파, 양파, 청양고추를 넣고 끓인다.
7. 국물이 끓으면 어묵을 넣고 국자로 끼얹어가며 중 불에서 약6분 끓인다.","#백종원 #쿠킹로그  #버팔로윙

간혹 가다 유난히 술 당기는 날 있지 않나요?
그래서 안주 먹으려고 이것저것 생각하다 보면
뻔한 것밖에 생각 안 나고, 그렇다고 대충 먹기는 싫잖아요~

그럴 때 딱 좋은 게 이 버팔로 윙이죠!
만들기 쉽고, 폼은 제대로 나고 우리한테 딱이죠?
직접 만든 버팔로 윙 하나에 맥주 한 잔!
이 정도면 미국 갈 필요 없겠는데요?

[ 재료 ]
*버팔로윙 소스
사과식초 약1/3컵(58g)
타바스코 약1/2컵(70g)
맛소금 약1/4큰술(3.5g)
고운고추가루 1과1/2큰술(9g)
버터 1조각(8g)
*버팔로윙
닭봉 10개(약380g)
닭날개 10개(약250g)
버팔로윙소스 전량
식용유 약간

[ 만드는 법 ]
*버팔로윙 소스
1. 프라이팬 또는 냄비에 사과식초, 타바스코, 맛소금, 고운 고춧가루, 버터를 넣고 강 불에 끓인다.
2. 소스가 끓기 시작하면 약 1분 더 끓인 후 불을 끄고 완전히 식힌다.
 * 스테인리스 그릇에 담아 얼음물에 담가 식히면 빨리 식힐 수 있다.

*버팔로윙
1. 닭 날개와 봉은 깨끗하게 세척한 후 물기를 제거하여 준비한다.
2. 닭은 과도를 이용하여 칼집을 낸 후 버팔로윙소스 2/3와 함께 깊은 볼에 넣고 버무린다.
 * 칼집을 안내는 경우 양념하여 하루 정도 냉장고에 숙성하면 맛이 좋다.
3. 에어프라이어 팬에 식용유를 골고루 발라 코팅한 후 양념한 닭을 펼쳐 올린다.
 * 구멍이 있는 팬일 경우 종이 포일을 깔고 사용한다.
4. 에어프라이어에 넣고 180도에서 15분 구운 후 닭을 뒤집어 다시 15분 정도 굽는다.
 * 열의 세기가 다를 수 있으니 색을 확인해가며 시간을 조절한다.
5. 노릇하게 구워진 닭을 꺼낸 후 남은 버팔로윙소스와 함께 버무려 접시에 옮겨 담아 완성한다.
 * 기호에 맞게 쓰리라 차를 찍어 먹어도 좋다.","#백종원 #쿠킹로그 #밑반찬 #반찬모음집

밑반찬 만들고 싶은데 뭘 만들어야 할지는 모르겠고
그렇다고 영상 하나씩 찾아보기는 귀찮으셨죠?
그럴 줄 알고 영상 하나로 끝내는 일주일 밥상!
밑반찬 4종 세트를 가져왔어요~

하나만 있어도 밥 한 공기는 뚝딱하는 반찬들인데
그런 게 4개나 있으니 얼마나 좋아요?
따라 하기 정말 쉬우니까 넉넉하게 만들어서
이번 주도 맛있게 드세요~","#백종원 #삼겹살 #파무침 

오늘은 삼삼데이인 거 다들 아셨나요?
삼삼데이엔 당연히 삼겹살을 왕창 먹어줘야죠!
그런데 삼겹살만 먹기엔 뭔가 아쉽잖아요~
다른 건 몰라도 파무침 하나는 꼭 있어야지 않겠어요?

평소에 삼겹살은 느끼해서 많이 못 먹는다구요?
장담하건대 이 파무침 하나면 삼겹살을
평소보다 2배는 더 먹을 수 있을 거예요!
파무침 하나로 삼삼데이에 삼겹살 제대로 즐겨보자구요~
===================
[ 파무침 3종 ]

[ 재료 ]
*기본파무침
파채 150g
참기름 약2큰술(12g)
맛소금 1/3큰술(3.5g)
굵은고추가루 약1/3큰술(3g)
고운고추가루 1/3큰술(2g)
깨소금 약간

*간장파무침
파채 150g
식초 4큰술(32g)
진간장 2큰술(20g)
깨소금 약1큰술(5g)
굵은고추가루 약1/3큰술(3g)
고운고추가루 1/3큰술(2g)
황설탕 약간(2g)
통깨 약간

*초고추장파무침
파채 150g
양배추채 150g
고추장 가득1큰술(50g)
식초 3큰술(24g)
황설탕 약1과1/2큰술(17g)
참기름 1과1/2큰술(10g)
굵은고추가루 1큰술(8g)
진간장 1/2큰술(5g)
고운고추가루 1/3큰술(2g)
깨소금 약간

[ 만드는 법 ]
*파채 준비하기
1. 대파를 가늘고 길게 어슷 썰거나 길게 반 갈라 속대를 제거한 후 결 방향으로 접어 가늘게 채 썰어 준비한다.
  * 초록부분을 채 썰어 섞어 사용하면 색감이 보기 좋다.
  * 파의 매운맛이 싫을 경우 찬물에 담가 매운맛을 제거한 후 물기를 빼서 사용한다.
*기본파무침
1. 파채를 깊은 그릇에 담은 후 고운고추가루, 굵은고추가루를 넣고 색을 맞춘다.
2. 깨소금, 맛소금을 넣고 가볍게 섞어 준 후 참기름을 넣고 섞어 완성한다.
  * 깨소금은 통깨를 절구나 비닐봉지에 넣고 잘게 빻아 만든다.
  * 볶은 깨가 없을 경우 프라이팬 중 불에서 약 20분 정도 볶아 사용한다.

*간장파무침
1. 파채를 깊은 그릇에 담은 후 고운고추가루, 진간장을 넣고 섞는다.
2. 식초, 황설탕, 통깨, 깨소금을 넣고 섞어 완성한다.
  * 통깨 또는 깨소금 중 한 가지만 써도 좋다.

*초고추장파무침
1. 양배추는 칼 또는 감자칼을 이용하여 가늘게 채 썰어 준비한다.
2. 깊은 그릇에 황설탕, 고추장, 진간장, 식초를 넣고 초고추장을 만든다.
3. 양배추를 넣고 섞어 준 후 파채를 넣고 잘 풀어가며 섞는다.
  * 처음부터 양배추와 파채를 한번에 넣게 되면 파채의 숨이 너무 죽을 수 있으니 주의한다.
4. 굵은고추가루, 고운고추가루, 참기름, 깨소금을 넣고 섞어 완성한다.","#백종원 #부대볶음 #빽소시지 #빽햄

오래 기다리셨죠? 특히 한 분이 오래 기다리셨을 거예요!
드디어 부대볶음을 알려드리려고 해요!
아무래도 부대찌개가 국물 먹는 맛이라면
부대볶음은 햄이랑 소시지를 딱 먹었을 때
입에서 폭발하는 그 맛으로 먹는 거거든요~

다들 부대볶음 어렵게 생각하시는데
천천히 해보면 하나도 안 어려워요~
오늘은 제육볶음 말고 부대볶음이 좋겠죠?
언제나처럼 쉽고 빠르게 가자구요!
================================
[ 부대볶음 ] 약 2인분 기준

[ 재료 ]
*양념장
정수물 약 1/5컵(30g)
케첩 1과 1/2큰술(30g)
물엿 1큰술(20g)
간마늘 1큰술(20g)
황설탕 1큰술(12g)
굵은고추가루 약 1큰술(10g)
진간장 1큰술(10g)
후추가루 약간

*부대볶음
통조림햄 1/2통(100g)
빽소시지 2개(약 85g)
양배추 적당량(80g)
양파 약 1/4개(60g)
베이크드빈스 2큰술(40g)
대파 약 1/3개(30g)
식용유 3큰술(21g)
체다슬라이스치즈 1장

[ 만드는 법 ]
1. 빽소시지는 두께 0.4cm로 길게 어슷썰기 하고 통조림 햄은 폭2.5cm 두께0.5cm로 썰어 준비한다.
2. 대파는 길게 반 갈라 길이4cm로 썰고, 양배추는 사방2.5cm로 썰어 준비한다.
  * 양배추가 많이 들어 갈 경우 간이 싱거워질 수 있다.
3. 양파는 두께1cm로 채 썰어 준비한다.
4. 깊은 그릇에 굵은고추가루를 제외한 모든 재료를 섞어 준비한다.
  * 굵은고추가루가 많이 들어가면 양념이 너무 뻑뻑해질 수 있으니 볶을 때 농도를 확인하면서 조금씩 넣어주는 것이 좋다.
5. 프라이팬에 식용유를 두르고 강 불에 올린 후 양파를 넣어 볶는다.
6. 지글지글 소리가 나고 기름이 튀기 시작하면 양배추, 대파를 넣어 함께 볶는다.
7. 빽소시지를 넣고 볶아준 후 통조림 햄을 넣고 햄이 부서지지 않도록 살살 볶는다.
8. 베이크드빈스를 넣고 볶는다.
9. 만들어 둔 양념장, 후추가루를 넣고 중 불로 줄여 볶는다.
  * 아이들이 먹을 경우 고추가루를 넣지 않고 마무리해도 좋다.
10. 소스가 전체적으로 섞이면 체다슬라이스치즈를 넣고 볶는다.
11. 치즈가 녹으면 굵은고추가루를 골고루 펼쳐 넣고 볶는다.
12. 그릇에 옮겨 담아 완성한다.
  * 청양고추 또는 대파 파란부분을 넣은 후 불을 끄고 섞어 접시에 담으면 더욱 보기 좋다.","#백종원 #부대찌개 #빽소시지

오늘은 특별한 소식이 하나 있습니다!
그간 부대찌개에 빽햄만 넣으려니까 섭섭하셨죠?
그럴 줄 알고! 이번엔 빽쏘시지를 만들었어요~
그것도 부대찌개 전용으로요!

부대찌개 먹을 때 고기는 많으면 많을수록 좋잖아요~
콱 씹으면 육즙 퐉 나오는 햄이랑 소시지!
얼큰한 국물까지~ 상상만 해도 기분 좋지 않나요?
갑자기 부대찌개 확 땡기시죠? 오늘도 맛있게 드세요!
------------------------------------------------------------------------------------------
[ 부대찌개 ]
[ 재료 ]
*양념장
간마늘 1큰술(20g)
국간장 2큰술(20g)
재래식된장 약2/3큰술(16g)
굵은고추가루 2와1/2큰술(20g)
고추장 약1/2큰술(12g)
후추가루 약간
*부대찌개
정수물 1병(500ml)
대파 1과1/2대(150g)
통조림햄 1/2캔(100g)
빽소시지 2개(약80g)
양파 약1/4개(60g)
신김치 약1/3컵(40g)
베이크드빈스 가득1큰술(40g)
체다슬라이스치즈 1장
*추가재료
라면 1개
정수물 약1컵(200ml)
[ 만드는 법 ]
1. 빽소시지는 두께 0.4cm로 길게 어슷썰기 한다.
2. 통조림 햄은 폭2.5cm, 두께 0.5cm 정도 손가락 크기로 편 썰어 준비한다.
  * 햄, 소시지는 두께가 얇아야 고기맛과 지방 맛이 많이 우러나와 맛이 좋다.
3. 양파는 두께 0.3cm로 채 썰고, 대파는 길게 반 갈라 길이 4cm로 썰어 준비한다.
4. 전골 냄비에 대파를 깔아준 후 양파, 빽소시지, 통조림 햄, 베이크드빈스, 신김치, 양념장재료, 체다슬라이스치즈, 정수물을 넣고 강 불에 올린다.
  * 베이크드빈스가 없다면 케첩1/2큰술을 사용한다.
  * 진간장을 사용 할 경우 간장의 양을 줄이고 소금으로 간한다.
  * 김치가 없다면 생략 가능하다.
5. 국물이 끓기 시작하면 양념과 채소를 잘 풀어주며 중 불에서 2분정도 더 끓인 후 먹는다.
  * 라면을 넣을 경우 정수물 1컵을 추가한 후 면을 넣고 익혀 먹는다.
  * 불 세기에 따라 물 양 확인 후 총 2컵까지 추가 가능하다.","#백종원 #오징어 #오징어뭇국

여러분~ 오징어 좋아하세요?
오징어처럼 많이 먹는 해산물도 없을 거예요~ 그쵸?
물회나, 덮밥, 무침으로 먹어도 좋고
볶음이라도 하는 날엔 세상을 다 얻은 거 같잖아요!

그런데 오늘은 조금 다르게 먹는 방법 알려드릴게요!
바로 오징어국! 쪼금 특별한 비법이 들어가요~
그리고 밥 많이 먹게 될 테니까 넉넉하게 해두세요!
안 믿기신다구요? 이건 먹어보셔야 알아요~
---------------------------------------------------
[ 오징어뭇국 ] 4인분 기준
[ 재료 ]
정수물 2L
오징어 1마리(약300~350g)
무 약1/10개(180g)
대파 약1/2대(60g)
국간장 약1큰술(11g)
꽃소금 약1큰술(10g)
간마늘 1/2큰술(10g)
멸치액젓 1큰술(8g)
들기름 1큰술(7g)
간생강 약1/4큰술(3g)
[ 만드는 법 ]
*오징어 손질 법
1. 오징어 다리는 손톱으로 긁어 빨판을 제거한다.
2. 오징어 몸통은 가위를 이용하여 배를 반 갈라준다.
  * 오징어 껍질은 국 끓일 때 맛을 좋게하기 때문에 벗기지 않는 것을 추천한다.
  * 오징어 껍질을 제거 할 경우 키친타올로 껍질을 잡고 당기면 쉽게 벗겨진다.
3. 몸통과 다리를 분리한 후 몸통에 붙어있는 뼈와 다리에 붙어있는 내장을 제거한다.
4. 가위를 이용하여 오징어 눈의 뒤쪽을 잘라 펼친다.
5. 오징어 입은 구멍이 있는 쪽으로 눌러 이빨을 제거한다.
*오징어뭇국
1. 손질 한 오징어 몸통은 길게 반으로 가른 후 폭2cm로 자르고, 다리는 한 줄씩 잘라 준비한다.
  * 오징어 껍질 쪽은 미끄러워 다칠 수 있으니 내장이 있던 쪽으로 뒤집어 칼질한다.
2. 무는 사방 3cm 두께 0.7cm 로 나박썰기 하여 준비한다.
3. 대파는 두께 0.3cm로 송송 썰어 준비한다.
4. 깊은 프라이팬 또는 냄비에 들기름, 오징어, 무를 넣고 강 불에 약 2분 볶는다.
  * 참기름, 식용유는 느끼해질 수 있기 때문에 사용하지 않는 것이 좋다.
3. 정수물, 국간장, 멸치액젓, 꽃소금, 간마늘, 간생강을 넣고 강 불에 끓인다.
  * 오징어 맛에 따라 간이 달라질 수 있으니 꽃소금을 넣기 전에 국물 맛을 본 후 양을 조절한다.
  * 조미료를 사용하고 싶을 경우 미원 1/3큰술을 사용하면 좋다.
4. 육수가 끓어오르면 중 약불로 줄여 약7분 끓인다.
  * 끓으면서 생기는 거품에는 감칠맛이 포함되어 있기 때문에 끓이는 도중에는 걷어내지 않고 마지막에 걷어내는 것이 좋다.
5. 대파를 넣고 불을 끈 후 국그릇에 담아 완성한다.","#백종원 #달걀 #안주

달걀프라이 좋아하시죠?
밥반찬으로 많이 드시잖아요~
오늘은 밥반찬 말고 술안주용이에요!
제 최애 술안주 들기름 달걀프라이!

달걀프라이가 무슨 술안주냐고요?
속는 셈 치고 한번 드셔보세요!
다음부턴 이거만 찾게 될걸요?
----------------------------------------------------------------
[ 들기름 달걀프라이 ]

[ 재료 ]

달걀 7개
들기름 약5큰술(35g)
국간장 1큰술(10g)

[ 만드는 법 ]

1.  달걀은 깨트려 한 그릇에 담아 준비하고 국간장은 작은 그릇에 미리 덜어 준비한다.
  *국간장 대신 조선간장을 이용해도 좋다.
2. 프라이팬을 강 불에 올려 예열한다.
3. 프라이팬이 달궈지면 들기름을 넣고 달걀을 붓는다.
  *프라이팬은 계란이 꽉 차는 크기로 준비한다.
4. 젓가락을 이용하여 노른자 사이사이 공간을 만들어주고 기포가 올라오는 부분은 터트려가며 익힌다.
5. 프라이팬을 들어 사방으로 기울이면서 들기름이 달걀의 밑 바닥으로 들어가게하여 익힌다.
6. 달걀 흰자가 익지 않은 부분이 있다면 젓가락으로 안 익은 부분을 찢어 잘 익을 수 있도록 한다.
   *완숙을 좋아하는 경우 전체적으로 저어서 노른자를 깨트려 익혀도 좋다.
7. 밑 바닥이 노릇하게 익으면 국간장을 달걀의 가장자리에 둘러 넣고 밑 바닥에 간장이 배일 수 있도록 프라이팬을 흔들어가며 익힌다.
8. 그릇에 달걀프라이를 옮겨 담은 후 프라이팬에 남아있는 들기름과 국간장을 윗면에 뿌려 완성한다.","#백종원 #꽃게 #꽃게해장국

요즘 날이 갑자기 쌀쌀해졌죠?

이럴 땐 뜨끈한 국물이 생각나곤 하는데
[님아 그 시장을 가오] 동해 편에서 먹었던
꽃게 해장국이 자꾸 떠오르더라고요!

마침 꽃게도 철이겠다
시원하고 구수한 꽃게 해장국 알려드릴게요!

참고로 다음 날 먹으면 더 맛있으니까
조금 남겨놨다가 밥 말아서 드셔보세요!
오늘도 식사 맛있게 하세요!

[ 꽃게해장국 ]

[ 재료 ]

정수물 약10컵(약2L)
냉동꽃게 2마리(약800~900g)
무 약1/10개(240g)
재래식된장 가득3큰술(135g)
양파 약1/2개(100g)
애호박 약1/3개(100g)
대파 약1대(85g)
청양고추 3개(30g)
간마늘 1큰술(20g)
굵은고추가루 약1큰술(10g)

[ 만드는 법 ]

*꽃게 손질 법
1. 꽃게의 배딱지를 떼어낸다.
2. 게딱지와 몸통을 분리한 후 모래주머니, 입 등 지저분한 부위를 제거한다.
  *이 때 내장이 떨어지지 않게 주의한다.
3. 몸통에 붙어있는 아가미를 제거한 후 흐르는 물에 깨끗하게 세척한다.
4. 몸통을 십자가 모양으로 4등분으로 잘라 준비한다.

*꽃게해장국
1. 무는 사방2.5cm, 두께0.5cm로 나박썰기 하여 준비한다.
2. 양파는 두께 1cm로 굵게 채 썬다.
3. 애호박은 길게 반으로 가른 후 두께0.5cm로 편 썬다.
4. 대파는 길게 반 갈라 길이4cm로 썰고, 청양고추는 두께0.5cm로 어슷썰기 한다.
5. 깊은 냄비에 무, 양파, 정수물, 재래식된장을 넣고 강 불에 올린다.
  *된장 양을 줄이고 국간장 또는 소금으로 간을 해도 좋다.
  *쌀뜨물이 있다면 정수물 대신 사용하는 것도 좋다.
6. 끓어오르면 간을 본 후, 굵은고추가루, 간마늘을 넣고 중 강불로 줄인 후 약10분 끓인다.
  *간을 본 후 기호에 맞게 된장의 양을 추가한다.
  *이 때 간의 세기는 된장국과 된장찌개 사이 정도가 알맞다.
  *MSG는 넣고 싶은 분들만 넣으시고, 약1/5큰술 정도 사용하면 좋다.
7. 국물에 채소 맛이 우러나면 손질 해 둔 꽃게와 게딱지를 넣고 끓인다.
8. 꽃게가 붉게 변하면 애호박, 대파, 청양고추를 넣고 호박이 익을 때 까지 약5분 끓인다.
9. 그릇에 꽃게해장국을 담아 완성한다.","#백종원 #두부구이 #들기름

안녕하세요 백종원입니다!
쿠킹로그로 인사드리는 건 오랜만이죠?
요즘 전국을 돌아다니느라 조금 바빴어요~

다들 [님아 그 시장을 가오] 삼척 편 보셨죠?
거기에 나왔던 겁 없는 두부구이 기억나세요?
모든 분이 삼척을 갈 수는 없으니까~
편하게 집에서 드실 수 있도록 만들어봤어요~

손두부랑 들기름 딱 두 개만 준비하면
눈물 없인 먹을 수 없는 두부구이 만들 수 있어요!
들기름 두부구이! 맛있게 드세요!

[ 들기름두부구이 ]

[ 재료 ]

*들기름두부구이
국산콩손두부 1모(900g)
들기름 10큰술(70g)

*양념장
진간장 4큰술(40g)
대파 약 1/3대(30g)
청양고추 2개(20g)
간 마늘 1/4큰술(5g)
황설탕 1/4큰술(3g)
깨소금 1/2큰술(3g)
굵은고추가루 1/4큰술(2g)
참기름 약2큰술(12g)

[ 만드는 법 ]

*들기름두부구이
1. 손두부는 두께 1.5cm로 두툼하게 편 썬다.
  * 손두부가 없다면 팩두부를 사용해도 된다.
  * 양념장 없이 먹을 경우, 두부에 꽃소금 또는 맛소금을 뿌려 밑간한다.
2. 두부를 굽기 전, 키친타올을 이용하여 두부의 물기를 제거한다.
3. 팬을 강 불에 예열한 후, 들기름을 두르고 두부를 올린다.
  * 들기름은 발연점이 낮아 팬 크기에 비해 양이 적을 경우 빨리 탈 수 있으니 팬 크기에 맞게 들기름 양을 조절하여 사용한다.
4. 두부의 한쪽 면이 노릇하게 익으면 뒤집은 후 중 불로 줄여 앞 뒤로 튀기듯이 노릇하게 부친다.
  * 프라이팬을 한 쪽으로 기울여 두부와 들기름을 모아 옆면도 노릇하게 구워지도록 한다.
5. 두부가 전체적으로 노릇하게 잘 구워지면 접시에 담아 양념장을 곁들여 완성한다.

*양념장
1. 대파, 청양고추는 길게 반 갈라 두께0.3cm로 송송 썬다.
  * 대파는 흰부분과 파란부분을 섞어서 사용하는 것이 좋다.
2. 깊은 그릇에 대파, 청양고추를 담은 후 평평하게 펼친다.
3. 진간장을 먼저 넣어준 후 황설탕, 굵은고추가루, 간마늘, 깨소금, 참기름을 넣고 섞어서 양념장을 완성한다.
  * 진간장은 채소가 자작하게 잠길 정도까지만 넣어야 채즙과 비율이 알맞다. 
  * 깨소금은 통깨를 절구 또는 비닐봉지에 넣고 빻아서 만들어 사용한다.","#백종원 #명란파스타 #명란요리 

명란 평소에 어떻게 드세요?
아직도 밥이랑만 먹는 건 아니쥬?
물론 밥하고 참기름에만 먹어도 맛있지만
오늘 두 단계는 업그레이드 해줄게유!

명란크림파스타는 증말 쉬워유!
명란 모양만 잘 살려서~ 요렇게 해주면?
어때유? 그럴싸하쥬?

밖에서 사 먹을 필요 없어요~
오늘도 집에서 맛있게 드세요!

[ 명란크림파스타 ]

[ 재료 ]

*면 삶기
정수물 약5와1/2컵(1L)
스파게티면 100g
올리브오일 약2큰술(12g)
맛소금 약간(2g)

*명란크림파스타
생크림 1컵(180g)
명란젓 약2개(64g)
양파 약1/4개(60g)
통마늘 4개(20g)
식용유 2큰술(14g)
맛소금 약간
명란젓(고명용) 약간
파르메산치즈가루 약간
쪽파 약간
통후추가루 약간

[ 만드는 법 ]

*면 삶기
1. 냄비에 정수물, 맛소금, 올리브오일을 넣고 강 불에 올려 끓인다.
2. 물이 바글바글 끓어오르면 스파게티면을 넣고 약 6분 삶은 후 불을 끄고 면수에 그대로 담가둔다.
   * 면을 건져 둘 경우 기호에 맞게 삶는 시간을 늘린다.

*명란크림파스타
1. 마늘은 꼭지를 제거한 후 굵게 다지고 양파는 두께 0.3cm로 채 썰어 준비한다.
2. 명란젓은 두께 1cm로 잘라 준비한다.
   * 가위로 잘라 프라이팬에 바로 넣어도 좋다.
3. 프라이팬에 식용유를 두른 후 마늘을 넣고 볶는다.
4. 마늘이 노릇노릇 해지기 시작하면 양파를 넣고 함께 볶는다.
5. 양파와 마늘이 갈색 나게 볶아지면 명란젓을 넣고 풀어지지 않도록 볶는다.
6. 생크림을 넣고 섞어주고 삶은 면을 건져 프라이팬에 넣어 볶은 후 맛소금으로 간한다.
   * 취향에 따라 명란젓 속을 숟가락으로 긁어 소스에 넣어도 좋다.
7. 소스가 알맞게 졸아들면 불을 끄고 젓가락으로 돌돌 말아 완성그릇에 담은 후 건더기와 소스를 붓는다.
8. 쪽파를 두께0.3cm로 송송 썰어 스파게티 위에 뿌리고, 통후추가루를 뿌린다.
9. 고명용 명란젓을 잘게 잘라 올리고 파르메산치즈가루, 파슬리가루를 뿌려 완성한다.
   * 쪽파 대신 파슬리가루를 사용해도 좋다.

==================


한식을 사랑하는 외국인분들을 위해 외국어 자막을 첨부하였습니다.
본 영상의 자막은 통합 언어 플랫폼 ‘플리토’와 함께 합니다.
Subtitles in foreign languages are provided for everyone who loves Korean food.
All subtitles are provided by an integrated language platform, Flitto.
https://www.flitto.com/pro/caption-translation","#백종원 #메추리알  #장조림 
소고기 장조림도 좋고 돼지고기 장조림도 좋고
계란 장조림도 좋고 닭고기 장조림도 좋지만
꼭 메추리알 장조림이 먹고 싶은 날이 있어유
버터 넣은 밥에 간장 한 숟가락 넣고
슥슥 비빈 다음 메추리알 하나 올려 먹으면
김치도 필요 없을 정도로 완.벽.그.자.체.
라면보다 빨리 만들어서 맛있게 드세유!

====================

[ 메추리알장조림 ]

[ 재료 ]

삶은 메추리알 1kg
정수 물 4컵(720ml)
진간장 1컵(200g)
꽈리고추 16개(96g)
통마늘 10개(50g)
황설탕 1/2컵(70g)
청양고추 3개(30g)
다시마 1조각(7g)

[ 만드는 법 ]

1. 메추리알은 흐르는 물에 세척하여 준비한다.
2. 마늘은 꼭지를 제거한 후 1/2 크기로 잘라 준비한다.
   * 기호에 따라 0.3cm 두께로 편을 썰어도 좋다.
   * 다진마늘이 있다면 체에 밭쳐 양념장에 넣고 잘 풀어 마늘 향을 넣는다.
   * 마늘의 양은 기호에 맞춰 늘려도 좋다.
3. 꽈리고추는 3~4cm 정도로 자르고 청양고추는 두께 0.5cm로 송송 썰어 준비한다.
4. 깊은 프라이팬이나 냄비에 메추리알, 진간장, 황설탕, 정수 물, 마늘, 꽈리고추, 청양고추, 다시마를 넣고 강 불에 올린다.
   * 고추의 색을 살리고 싶다면 장조림이 완성되고 마지막에 넣어 섞는다.
   * 다시마는 장조림이 완성되고 불을 끄기 전에 넣어도 좋다.
5. 메추리알 장조림이 바글바글 끓어오르면 약 5분간 더 끓인 후 불을 끈다.
   * 카라멜색소가 있다면 소량을 넣고 색을 낸 후 완성해도 좋다.
6. 완성된 메추리알 장조림은 충분히 식힌 후 밀폐용기에 담아 냉장 보관한다.
   * 메추리알 장조림은 버터와 함께 밥에 비벼 먹으면 맛이 좋다.



==================


한식을 사랑하는 외국인분들을 위해 외국어 자막을 첨부하였습니다.
본 영상의 자막은 통합 언어 플랫폼 ‘플리토’와 함께 합니다.
Subtitles in foreign languages are provided for everyone who loves Korean food.
All subtitles are provided by an integrated language platform, Flitto.
https://www.flitto.com/pro/caption-translation","다람이: 뭐야 내 도토리 돌려줘요 ㅠㅠ
　
다시 한번 말하지만 저는 진짜 묵 안 좋아해유!(후룩후룩)
그래도 이왕 만들기로 했으니까~(새침)
묵사발 밖에서 사 먹으려면 7천 원도 넘잖여?
집에서 만들면 단돈 2천 원에 먹을 수 있어유!
　
2천 원에 느끼는 묵사발 전문점의 향기~ 음 스멜~
냉면 육수까지 직접 만들면 더 그럴싸하쥬?
여름에 집에서 에어컨 틀고 묵사발 한 그릇?
이번 여름 피서 다 갔다~ 그죠?
팀원 분들도 쉽게 시원하게 맛있게 드세유!

#묵사발 #쿠킹로그 #백종원

====================

[ 도토리묵 사발 ]

[ 재료 ]

도토리묵 1팩(412g)
정수물 약 2컵(350ml)
신김치 약 1컵(110g)
오이 약1/4개(55g)
식초 3큰술(24g)
청양고추 1개(10g)
통깨 2큰술(10g)
대파 약1/10개(8g)
국간장 약2/3큰술(7g)
소고기다시다 약1/2큰술(5g)
황설탕 약1/2큰술(5g)
간 마늘 1/5큰술(4g)
참기름 약1/2큰술(4g)
굵은 고춧가루 약간
각얼음 6개

[ 만드는 법 ]
 
1. 묵을 흐르는 물에 세척하여 두께 1.5cm로 포 뜬 후 0.7cm 두께로 채 썰어 그릇에 가지런히 담는다.
2. 신김치는 가위를 이용하여 잘게 자르고 오이는 두께 0.3cm로 가늘게 채 썬다.
3. 대파는 두께 0.2cm로 송송 썰고, 청양고추는 반 갈라 두께 0.3cm로 송송 썬다.
4. 통깨는 절구에 넣고 빻아 준비한다.
   * 절구가 없다면 비닐봉지에 깨를 넣고 병이나 밀대로 밀어 사용한다.
5. 도토리묵 위에 신김치, 오이, 대파, 청양고추, 간 마늘, 간깨, 참기름을 올려 준비한다.
6. 전자레인지용 그릇에 정수 물 1/2컵, 소고기다시다를 넣고 전자레인지에 약 30초 돌려 섞는다.
   * 멸치육수를 원한다면 멸치 다시다를 사용한다.
   * 시판 냉면 육수를 사용해도 좋다.
7. 전자레인지에 돌려둔 육수에 정수 물 1과1/2컵, 국간장, 황설탕, 식초를 넣고 섞어 묵사발 육수를 만든다.
8. 재료를 담아 둔 그릇에 얼음을 넣은 후 묵사발 육수를 붓고 굵은고추가루를 뿌려 완성한다.
   * 기호에 따라 김가루를 넣어 먹어도 좋다.


==================


한식을 사랑하는 외국인분들을 위해 외국어 자막을 첨부하였습니다.
본 영상의 자막은 통합 언어 플랫폼 ‘플리토’와 함께 합니다.
Subtitles in foreign languages are provided for everyone who loves Korean food.
All subtitles are provided by an integrated language platform, Flitto.
https://www.flitto.com/pro/caption-translation","#백종원 #참치김치찌개 #참치밥
우리 팀원분들 찬장에 
여기저기서 선물 받은 '참치캔' 쌓여 있쥬?

그놈들을 뚝딱! 없애 버릴 수 있는 
최고의 비이이법! 알려드릴게유

========================

[ 참치김치찌개 ] 2인분 기준

[ 재료 ]

정수 물 약 2컵(400ml)
신김치 약 1컵(150g)
양파 약 1/2개(100g)
두부 1/2팩(90g)
참치캔 1/2캔(50g)
대파 약 1/3대(30g)
국간장 2큰술(20g)
간 마늘 1큰술(20g)
굵은 고춧가루 2큰술(16g)
청양고추 1개(10g)
황설탕 1/4큰술(3g)

[ 만드는 법 ]

1. 대파, 청양고추는 두께 0.4cm로 송송 썰고 양파는 두께 0.4cm로 채 썬다.
2. 두부는 두께 1cm로 썰어 준비한다.
3. 냄비에 신김치, 양파, 대파, 청양고추, 참치, 정수 물, 간 마늘, 굵은 고춧가루, 황설탕, 국간장을 넣고 강불에 끓인다.
   * 멸치다시다를 넣으면 더욱 진한 맛을 낼 수 있다.
   * 멸치다시다를 사용할 경우 국간장의 양을 줄인다.
   * 참치는 기름과 함께 사용하는 것이 더욱 맛이 좋다.
4. 찌개가 끓기 시작하면 두부를 넣어 약 5분 정도 끓인 후 중불로 줄여 끓여가면서 먹는다.


[ 참치 양념 간장밥 ]

진간장 약 1큰술(12g)
양파 약간(8g)
청양고추 약 1개(7g)
대파 약간(7g)
간 마늘 약 1/5큰술(4g)
참기름 약 1/3큰술(2g)
굵은 고춧가루 약간(1g)
황설탕 약간(1g)

[ 만드는 법 ]

1. 대파, 청양고추는 반 갈라 두께 0.3cm로 송송 썬다.
2. 양파는 두께 0.5~1cm 크기로 다져 준비한다.
3. 깊은 그릇에 대파, 청양고추, 양파, 진간장, 굵은 고춧가루, 간 마늘, 황설탕, 참기름을 넣고 섞어 완성한다.


[ Tuna kimchi jjigae ] makes 2 servings

[ Ingredients ]

about 2 cups (400ml) filtered water
about 1 cup (150g) aged kimchi
about 1/2 (100g) onion
1/2 block (90g) tofu
1/2 can (50g) canned tuna
about 1/3 stalk (30g) green onion
2 tbsp (20g) soup soy sauce
1 tbsp (20g) minced garlic
2 tbsp (16g) coarse red chili pepper powder
1 (10g) Cheongyang pepper
1/4 tbsp (3g) light brown sugar

[ Directions ]

1. Chop the green onion and Cheongyang pepper into 0.4cm-thick pieces and the onion into 0.4cm-thick pieces.
2. Chop the tofu into 1cm-thick pieces.
3. In a pot, add the aged kimchi, onion, green onion, Cheongyang pepper, tuna, filtered water, minced garlic, coarse red chili pepper powder, light brown sugar, and soup soy sauce, and bring to a boil over high heat.
   * Add some anchovy dashida for a richer flavor. 
   * If you are using anchovy dashida, reduce the soup soy sauce.
   * Add the oil in the canned tuna to enhance the taste.
4. Once the jjigae comes to a boil, add the tofu and cook for another 5 minutes. Reduce to medium heat and enjoy it as it boils.

[ Spicy soy sauce for dipping tuna ]

about 1 tbsp (12g) dark soy sauce
some (8g) onion
about 1 (7g) Cheongyang pepper
some (7g) green onion
about 1/5 tbsp (4g) sesame oil
some (1g) coarse red chili pepper powder
some (1g) light brown sugar

[ Directions ]

1. Chop the green onion and Cheongyang pepper lengthwise in half. Then, chop them into 0.3cm-thick pieces.
2. Finely chop the onion into 0.5- to 1cm-thick pieces.
3. In a deep bowl, add the green onion, Cheongyang pepper, onion, dark soy sauce, coarse red chili pepper powder, minced garlic, light brown sugar, and sesame oil. Mix well and serve.



한식을 사랑하는 외국인분들을 위해 외국어 자막을 첨부하였습니다.
본 영상의 자막은 통합 언어 플랫폼 ‘플리토’와 함께 합니다.
Subtitles in foreign languages are provided for everyone who loves Korean food.
All subtitles are provided by an integrated language platform, Flitto.
https://www.flitto.com/pro/caption-translation","#백종원 #미역국 #맑은미역국
가성비 최고! 난이도 최하! 초간단 미역국!
재료비 300원으로 증말 간단한 미역국 끓여 봤어요
고기 없이 끓여도 미역국 맛이 나네🤷🏻‍♂️

미역 본연의 감칠맛을 살려 끓인 맑은 미역국
한 냄비 가득 끓여놓고 두고두고 드셔도 맛있어요

===================

[ 맑은미역국 ] 4인분 기준

[ 재료 ]
정수물 약 8과 1/3컵(1.5L)
절단 불린 미역 2컵(180g)
멸치액젓 2큰술(16g)
간 마늘 약 1큰술(18g)
국간장 1큰술(10g)
맛소금 약 1/3큰술(5g)

[ 만드는 법 ]
1. 냄비에 정수물, 불린 미역, 국간장, 간 마늘, 멸치액젓, 맛소금을 넣고 강불에 끓인다.
   * MSG를 함께 넣으면 더욱 감칠맛이 올라온다.
   * 건미역 약 1/2컵을 15분 정도 물에 불려 물기를 짜낸 후 사용한다.
2. 국이 팔팔 끓으면 약 2~3분 정도 더 끓인 후 불을 끄고 완성한다.
   * 미역국은 여러 번 다시 끓여 먹으면 더욱 깊은 맛이 난다.","#백종원 #차돌된장찌개 #맛집레시피
고기 들어간 찌개 좋아하세요?
소고기 잔뜩 먹고 느끼한 속을 싹 잡아주는 차돌된장찌개

식당에서 사 먹는 차돌된장찌개 비주얼 그대로~
맛깔지게 끓이는 꿀팁도 알려 드릴게요

다음에 올려드릴 된장찌개 레시피도 기대해 주세요

============================

[ 차돌박이 된장찌개 ] 약 4인분 기준

[ 재료 ]

정수물 약 6과 1/2컵(1.2L)
양파 1/2개(125g)
두부 1/2모(145g)
재래식 된장 5큰술(100g)
차돌박이 100g
주키니호박 약 1컵(80g)
감자 1/3개(60g)
대파 1/2대(50g)
느타리버섯 1타래(50g)
무 약간(40g)
청양고추 2개(20g)
간 마늘 1큰술(20g)
고추장 1큰술(20g)
홍고추 1개(10g)
굵은 고춧가루 약 1/2큰술(3g)

[ 만드는 법 ]

1. 대파는 두께 1cm 정도로 송송 썰어 준비한다.
2. 홍고추는 두께 0.5cm로 어슷 썰고, 청양고추는 두께 0.3cm로 송송 썬다.
3. 주키니호박은 세로로 반 갈라 3등분으로 자른 후 두께 1cm로 썰어 준비한다.
4. 감자는 반 자른 상태에서 3등분 한 후 두께 0.3cm로 편 썰어 준비한다.
5. 무는 감자와 같은 모양으로 자른 후 두께 0.3cm로 편 썰어 준비한다.
6. 양파는 약 2cm 크기로 깍둑썰기 하고, 느타리버섯은 한가닥씩 찢어 준비한다.
   * 느타리버섯 대신 새송이버섯, 표고버섯을 사용해도 좋다. 
7. 두부는 사방 2cm 두께 1cm 정도로 썰어 준비한다.
8. 냄비에 차돌박이를 넣고 강불에 올린 후 노릇노릇하게 익어 기름이 나올 때까지 굽는다.
   * 얇은 냄비를 사용할 경우 중불로 줄여 굽는다.
9. 정수물, 재래식 된장, 고추장을 넣고 잘 풀어준 후 끓으면 간 마늘, 굵은 고춧가루, 양파, 감자, 무를 넣고 강불에 끓인다.
10. 국물이 다시 한 번 끓어 오르면 느타리버섯, 애호박을 넣고 약 5분 정도 끓인다.
11. 뚝배기에 1/2양을 옮겨 담아 강불에 올린 후 끓어오르면 불을 끄고 두부, 대파, 청양고추, 홍고추 1/2양을 넣어 완성한다.
   * 뚝배기가 없다면 찌개를 끓인 냄비에 그대로 두부, 대파, 청양고추, 홍고추 전량을 넣고 완성해도 좋다.

[ Beef brisket doenjang jjigae ] makes about 4 servings

[ Ingredients ]

about 6 and 1/2 cups (1.2L) filtered water
1/2 (125g) onion
1/2 block (145g) tofu
5 tbsp (100g) traditional-style doenjang
100g beef brisket
about 1 cup (80g) zucchini
1/3 (60g) potato
1/2 stalk (50g) green onion
1 bunch (50g) oyster mushrooms
some (40g) radish
2 (20g) Cheongyang pepper
1 tbsp (20g) minced garlic
1 tbsp (20g) gochujang
1 (10g) red chili pepper
about 1/2 tbsp (3g) coarse red chili pepper powder

[ Directions ]

1. Finely slice the green onion into 1cm-thick pieces.
2. Diagonally slice the red chili pepper into 0.5cm-thick pieces, and finely slice the Cheongyang pepper into 0.3cm-thick pieces.
3. Cut the zucchini lengthwise in half. Cut into thirds first and then into 1cm-thick pieces.
4. Cut the potato lengthwise in half. Cut into thirds first and then into 0.3cm-thick slices.
5. Cut the radish as you did the potato and then cut further into 0.3cm-thick slices.
6. Dice the onion into 2cm-thick pieces. Pull the bunch of oyster mushrooms apart into smaller pieces.
   *You can use king oyster mushrooms or shiitake.
7. Cut the tofu into pieces 1cm-thick and 2cm-long on all sides.
8. In a pot, add the beef brisket and cook over high heat until the beef turns golden brown and the oil seeps out.
   *If you are using a thin pot, cook over medium heat.
9. Add the filtered water, red chili pepper powder, onion, potato, and radish, and bring to a boil over high heat.
10. Once the soup comes to a boil, add the oyster mushrooms and zucchini, and boil for another 5 minutes.
11. Scoop half of the soup into a ttukbaegi (stone pot) and bring to a boil over high heat. Once it comes to a boil, add half of the prepared tofu, green onion, Cheongyang pepper, and red chili, and serve.
   *If you don't have a ttukbaegi, you can add all of the prepared tofu, green onion, Cheongyang pepper, and red chili into the pot you used to cook, and serve it whole.



한식을 사랑하는 외국인분들을 위해 외국어 자막을 첨부하였습니다.
본 영상의 자막은 통합 언어 플랫폼 ‘플리토’와 함께 합니다.
Subtitles in foreign languages are provided for everyone who loves Korean food.
All subtitles are provided by an integrated language platform, Flitto.
https://www.flitto.com/pro/caption-translation","#백종원 #콩나물국 #해장국
깔끔하고 시원한 국물이 일품인 콩나물국
집에서는 식당의 그 개운한 맛을 내기가 참 어렵쥬? 

식당에서 먹는 콩나물국의 비밀을 알려 드리니 잘 보세요👀
콩나물이 끝까지 아삭하게 살아 있어야 맛있어요

콩나물국하고 신김치 있으면 딱! 끝😏
다음엔 콩나물해장국도 올려 드릴게요~

==========================

[ 콩나물국 ] 약 4인분 기준

[ 재료 ]

콩나물 300g
정수물 약 11컵(2L)
대파 약 1/2대(40g)
간 마늘 1큰술(20g)
꽃소금 약 1큰술(10g)
국간장 1과 1/2큰술(15g)
청양고추 1개(10g)

[ 만드는 법 ]

1. 콩나물은 가볍게 세척한 후 체에 밭쳐 물기를 제거한다.
2. 대파, 청양고추는 두께 0.3cm로 송송 썰어 준비한다.
3. 냄비에 정수물을 넣고 끓어오르면 콩나물, 국간장, 간 마늘, 꽃소금을 넣고 강불에 끓인다.
   * MSG를 사용할 경우 1/6큰술 정도 넣는다.
   * MSG가 없다면 꽃소금 대신 맛소금을 사용해도 좋다.
   * 기호에 맞게 국간장 양을 조절한다.
4. 국물이 끓어오르면 중불로 줄여 약 5분 정도 끓인 후 대파, 청양고추를 넣고 1분 정도 더 끓여 완성한다.
   * 식당용 콩나물국은 국물과 건더기를 분리하여 사용하면, 콩나물의 아삭한 식감이 살아있는 콩나물국을 제공할 수 있다.

[ Kongnamul guk (Bean sprout soup) ] 4 servings

[ Ingredients ]
300g bean sprouts
11 cups (2L) filtered water
about 1/2 stalk (40g) green onion
1tbsp (20g) minced garlic
about 1 tbsp (10g) fine salt
1 and 1/2 tbsp (15g) soup soy sauce
1 (10g) Cheongyang pepper

[ Directions ]
1. Rinse the bean sprout and drain the water using a colander.
2. Finely chop green onion and Cheonyang pepper 0.3cm thick.
3. Add filtered water in a pot and once it boils, add bean sprout, soup soy sauce, minced garlic, and fine salt and boil over high heat.
   * If you use MSG, add 1/6 tbsp.
   * If you don't have MSG, fine salt can be replaced with flavored salt.
   * Add soup soy sauce to your preference.
4. Once it comes to a boil, lower to medium heat and boil it for another 5 minutes. Add green onion and Cheongyang pepper and simmer for one more minute.
   * The bean sprouts will remain crunchy if you take them out and pour soup on top when served in the restaurant.



한식을 사랑하는 외국인분들을 위해 외국어 자막을 첨부하였습니다.
본 영상의 자막은 통합 언어 플랫폼 ‘플리토’와 함께 합니다.
Subtitles in foreign languages are provided for everyone who loves Korean food.
All subtitles are provided by an integrated language platform, Flitto.
https://www.flitto.com/pro/caption-translation","#백종원 #미역국 #황태미역국
예전에 알려드린 소고기미역국 많이 좋아해주셨는데
응용이 어렵다는 팀원분들이 많으셔서 준비했어요

소여사가 좋아하는 황태미역국
황태를 넣으면 소고기보다 해장에 훨씬 좋아요👍🏻
깔끔하면서 개운한 국물
어제 술 먹길 잘했쥬? 😏

다음엔 또 다른 미역국 알려 드릴게요~

============================

[ 황태미역국 ] 4인분 기준

[ 재료 ]

정수물 약 8과 1/2컵(1.5L)
불린 미역 2컵(180g)
황태채 2컵(50g)
국간장 2큰술(20g)
멸치액젓 약 1과 2/3큰술(14g)
참기름 약 1과 1/2큰술(10g)
간 마늘 약 2/3큰술(10g)
꽃소금 1/4큰술(3g)

[ 만드는 법 ]

1. 황태채는 물에 살짝 적신 후 물기를 짜내고 약 4~5cm 정도 길이로 잘라 준비한다.
2. 냄비에 참기름, 황태채를 넣고 겉면의 물기가 마를 때까지 중불에 볶는다.
3. 불린 미역을 넣고 약 1분 정도 함께 볶는다.
   * 건미역 약 1/2컵을 15분 정도 불려 물기를 짜낸 후 사용한다.
   * 건 통미역을 불린 후 약 3~4cm 정도로 먹기 좋게 잘라 사용한다.
4. 정수 물, 간 마늘, 국간장, 멸치액젓, 꽃소금을 넣고 강불에 끓인다.
   * 멸치액젓 대신 까나리액젓 또는 참치액젓으로 대체하여 사용해도 좋다.
5. 국이 끓어오르면 중불로 줄인 후 약 20분 정도 끓여 완성한다.

[ Dried pollack miyeok guk ] Makes 4 servings

[ Ingredients ]

about 8 and 1/2 cups (1.5L) filtered water
2 cups (180g) soaked seaweed
2 cups (50g) dried pollack strips
2 tbsp (20g) soup soy sauce
about 1 and 2/3 tbsp (14g) anchovy fish sauce
about 1 and 1/2 tbsp (10g) sesame oil
about 2/3 tbsp (10g) minced garlic
1/4 tbsp (3g) fine salt

[ Directions ]

1. Wet the dried pollack strips slightly with water. Squeeze the water out and cut the strips to pieces 4-5cm in length.
2. In a pot, add the dried pollack and sesame oil and stir-fry just until the surface of the pollack dries.
3. Add the soaked seaweed and stir-fry for about a minute.
* Soak about 1/2 cup of dried seaweed in water for about 15 minutes and squeeze the water out before using.
* If you are using dried whole seaweed, soak it in water and cut to 3-4cm pieces before using.
4. Add filtered water, minced garlic, soup soy sauce, anchovy fish sauce, and fine salt, and bring to a boil over high heat.
* You can use sand lance or tuna fish sauce instead of anchovy fish sauce.
5. Once the soup comes to a boil, lower the heat to medium heat and cook for another 20 minutes before serving.



한식을 사랑하는 외국인분들을 위해 외국어 자막을 첨부하였습니다.
본 영상의 자막은 통합 언어 플랫폼 ‘플리토’와 함께 합니다.
Subtitles in foreign languages are provided for everyone who loves Korean food.
All subtitles are provided by an integrated language platform, Flitto.
https://www.flitto.com/pro/caption-translation","#백종원 #햄김치찌개 #꿀팁공개
응용이 어려우셨던 팀원분들을 위한 김치찌개 시리즈
시작은 가볍게 햄김치찌개로 가 볼까요
부대찌개랑은 다른 매력이 있어요😏

신김치가 없이도 충분히 맛 낼 수 있는 꿀팁 알려드리니
김치가 맛없다고 좌절하지 마시고 끓여 보세요

다음엔 어떤 김치찌개를 끓여 볼까요?

========================

[ 햄김치찌개 ]

[ 재료 ]

정수물 약 3과 1/3컵(600g)
신김치 약 3컵(400g)
통조림햄 1통(200g)
두부 약 1/2팩(90g)
대파 약 2/3대(70g)
양파 약 1/4개(60g)
간마늘 1큰술(20g)
새우젓 1큰술(20g)
국간장 1큰술(10g)
굵은 고춧가루 1큰술(8g)
고운 고춧가루 1큰술(6g)
식초 적당량
굵은 고춧가루(고명용) 약간

[ 만드는 법 ]

1. 통조림 햄 절반은 비닐봉지에 넣어 손바닥으로 으깨어 준비하고 절반은 두께 0.5cm로 편 썰어 준비한다.
2. 양파는 두께 0.3cm로 채 썰고, 대파는 두께 0.5cm로 송송 썰어 준비한다.
3. 두부는 두께 1cm 정도로 편 썰어 준비한다.
4. 코팅된 냄비에 으깬 햄을 넣고 약불에 올린 후 기름이 나오고 노릇해질 때까지 볶는다.
5. 김치를 넣고 중불로 키운 후 김치가 익을 때까지 햄과 함께 볶는다.
6. 물, 양파, 편 썰어 둔 햄, 간 마늘, 국간장, 굵은 고춧가루, 고운 고춧가루, 새우젓을 넣고 강불에 끓인다.
   * 고춧가루가 한 가지만 있을 경우 굵은 고춧가루는 2큰술, 고운 고춧가루는 1과1/2큰술을 사용한다.
   * 김치를 넣고 볶을 때 양파를 함께 볶아도 좋다.
   * 새우젓이 없다면 까나리 또는 멸치, 참치 액젓으로 대체하여 사용해도 좋다.
7. 찌개가 바글바글 끓으면 중불로 줄여 약 3분 정도 끓인다.
8. 세팅 냄비로 옮겨 담은 후 두부를 가지런히 펼쳐 올리고 대파, 굵은 고춧가루를 뿌려 끓여가며 먹는다.
   * 세팅 냄비가 없다면 김치찌개를 끓인 냄비에서 마무리해도 좋다.
   * 맛을 확인한 후 신맛이 부족할 경우 식초를 기호에 맞게 넣고 끓인다.
   * 김치에서 쿰쿰한 맛이 나면 설탕을 약간 넣는다.

[ Ham kimchi jjigae ]

[ Ingredients ]

about 3 and 1/3 cups (600g) filtered water
about 3 cups (400g) aged kimchi
1 can (200g) canned ham
about 1/2 pack (90g) tofu
about 2/3 stalk (70g) green onion
about 1/4 (60g) onion
1 tbsp (20g) minced garlic
1 tbsp (20g) saeujeot
1 tbsp (10g) soup soy sauce
1 tbsp (8g) coarse red chili pepper powder
1 tbsp (6g) fine red chili pepper powder
A moderate amount of vinegar
Some coarse red chili pepper powder (for garnish)

[ Directions ]

1. Place half of the canned ham in a plastic bag and mash it with the palm of your hands. Slice the other half into 0.5cm-thick slices.
2. Julienne the onion into 0.3cm-thick slices and finely slice the green onion into 0.5cm-thick slices.
3. Slice the tofu into 1cm-thick slices.
4. In a coated pan, add the mashed ham and place it over low heat. Stir-fry until the fat melts out and the ham turns golden brown.
5. Add kimchi and raise the heat to medium heat. Continue stir-frying until the kimchi is fully cooked.
6. Add the water, onion, sliced ham, minced garlic, soup soy sauce, coarse and fine red chili pepper powder, and saeujeot and bring to a boil over high heat.
*If you only have one type of red chili pepper powder, add 2 tbsp for coarse red chili pepper powder and 1 and 1/2 tbsp for fine red chili pepper powder.
*You can also add the onions in with the kimchi.
*If you don’t have saeujeot, you can replace it with sand lance fish sauce or tuna fish sauce.
7. Once the jjigae comes to a boil, reduce to medium heat and cook for another 3 minutes.
8. Pour the jjigae into a serving pot. Garnish with tofu, green onion, and coarse red chili pepper 
*If you don’t have a serving pot, you can just serve it as is.
*If you want a tarter flavor, add more vinegar to your liking.
*If the kimchi is too pungent, add some sugar.



한식을 사랑하는 외국인분들을 위해 외국어 자막을 첨부하였습니다.
본 영상의 자막은 통합 언어 플랫폼 ‘플리토’와 함께 합니다.
Subtitles in foreign languages are provided for everyone who loves Korean food.
All subtitles are provided by an integrated language platform, Flitto.
https://www.flitto.com/pro/caption-translation","#백종원 #냉이된장라면 #봄나물
팀원분들이 가장 좋아하시는 라면시리즈
혼자 먹기 아까워 알려 드리는 봄맞이 냉이된장라면🌱

저는 저희 회사에서 만든 백석된장을 활용했는데요
재래식 된장을 넣고 끓이는 것이 포인트입니다😏

고깃집 된장찌개 부럽지 않은 맛
라면 다 먹고 밥까지 말아 향긋한 봄을 만끽해 보세요

봄에만 맛볼 수 있는 라면, 꼭 끓여 드세요🍜

==============================

[ 냉이된장라면 ]

[ 재료 ]
정수물 약 3과 1/3컵(600ml)
냉이 약 2컵(50g)
대파 1/5대(20g)
재래식 된장 1/2큰술(10g)
청양고추 1개(10g)
라면 1개

[ 만드는 법 ]
1. 냉이는 깨끗하게 세척하여 준비한다.
   *손질이 안 된 냉이는 뿌리와 잎 경계 부분의 흙을 잘 긁어낸다.
   *흙이 많은 냉이는 물에 담궈 놨다가 세척한다.
   *크기가 큰 냉이는 반 가르거나 3cm 정도 길이로 잘라 사용한다.
2. 청양고추, 대파는 두께 0.3cm로 송송 썰어 준비한다.
3. 냄비에 정수물을 넣고 된장을 잘 풀어 넣은 후 강불에 올린다.
   *기호에 맞게 된장의 양을 1/3큰술로 줄여서 사용해도 좋다.
4. 물이 끓으면 라면수프를 넣은 후 면을 넣는다.
5. 접힌 라면이 펼쳐질 정도로 익으면 손질해 둔 냉이를 넣고 함께 끓인다.
6. 면이 전체적으로 한 가닥씩 풀리면  대파, 청양고추를 넣고 약 1분 정도 더 끓인 후 완성한다.

[ Naengi Doenjang Ramyun]
[ Ingredients ]
about 3 and 1/3 cups (600ml) filtered water
about 2 cups (50g) naengi
1/5 stalk (20g) green onion
1/2 tbsp (10g) traditional-style doenjang
1 (10g) Cheongyang pepper
1 ramyun
[ Directions ]
1. Thoroughly rinse the naengi.
*If the naengi isn’t pre-rinsed, be sure to scrape off the dirt where the root and leaves meet.
*If there is a lot of dirt, soak the naengi in water before rinsing.
2. Slice the Cheongyang pepper and green onion into 0.3cm-thick slices.
3. Fill a pot with filtered water and mix in the doenjang. Place the pot over high heat.
*You can opt to reduce the amount of doenjang to 1/3 tbsp.
4. Once the water comes to a boil, add the ramyun soup base and noodles.
5. When the block of noodles starts to separate, add the prepped naengi and continue cooking.
6. When the noodles loosen overall, add the green onion and Cheongyang pepper and cook for another minute before serving.



한식을 사랑하는 외국인분들을 위해 외국어 자막을 첨부하였습니다.
본 영상의 자막은 통합 언어 플랫폼 ‘플리토’와 함께 합니다.
Subtitles in foreign languages are provided for everyone who loves Korean food.
All subtitles are provided by an integrated language platform, Flitto.
https://www.flitto.com/pro/caption-translation"
